review_id,date,rating,app_version,text,my_theme,notes
0c03f8be-e687-4358-ada3-e55adc54d746,2026-08-19 23:18:27,1,3.20.0,Never used an AI app that quite literally does not listen to one instruction. awful,,
91d6f05d-4686-4b85-a817-ba804d55d827,2026-08-20 00:57:11,1,,make the app free and remove those points stuff if you added that I would have gave it a five star,,
79ec9fb9-31d1-4aa8-b430-6e2658a631d6,2026-08-25 06:23:10,1,3.19.1,not free app,,
9e3de457-b5a0-4733-8f1e-e51009a6630d,2026-08-27 09:39:35,1,3.20.2,not making video as per prompt,,
7fa767e4-d964-4558-952d-bc3e1a2d6fb9,2026-08-29 21:50:06,1,3.20.3,"I don't know where these other reviews come from, I think they are just fake manipulations. The results are inconsistent. The app often goes wrong, and you are NOT refunded your credits. Your credits do not save and run over. The app mixes your images up with other peoples photos, and there is POOR SUPPORT. What the SUPPORT is are run-around websites that just keep shutting my devices down. I paid for premium, and what I have is a headache. It's just a black hole that you throw money into. 👎",,
4fde4102-f733-42ab-8a48-b7eb678f79f0,2026-09-01 02:58:33,1,3.20.3,it is a very nice App,,
93f4c97c-c10d-470b-9993-a5288f3a9755,2026-09-04 04:40:40,1,3.20.4,Its best to waste time and money😅,,
e9618af2-5925-43f9-b26f-4cf9c324e8ad,2026-09-04 21:15:23,1,,homophobic and puritanical,,
abce15f1-7bbf-472a-8938-8caa5ac58d64,2026-09-07 02:54:36,1,3.20.4,The cost to do even a 12 second video is ridiculous. Will definitely look for a much cheaper option out there.,,
be567a33-de43-44d1-a1b3-1a6a80277da9,2026-09-17 12:51:17,1,,gif video generated,,
95723ae1-83c7-41cb-8dde-954ae1362159,2026-09-20 06:12:27,1,3.21.6,"no add is provided. in full network, every time it is saying - oops , loading add is failed. so, as a result, no credits are earned. highly disappointed. uninstalling",,
50d04c5b-a1bc-44f1-9802-69b5da07b69c,2026-09-20 15:52:55,1,3.21.6,"Price per generation is egregiously non competitive, their business strategy is to trick people that aren't informed into paying more than this type of service is worth.",,
9ad29a2e-0397-44d7-9d6a-4659851eb672,2026-09-21 22:16:18,1,3.21.7,It's hard it's horrible as,,
62e15767-4751-4c92-b289-35a893aeeb65,2026-09-22 22:59:57,1,3.21.7,i made a video the cloth is different my face it's like some one else completely different,,
6564ab48-227f-42c9-8323-f859f1c4648a,2026-09-27 07:32:10,1,3.21.8,I give it a video and don’t not copy it at all,,
3b3b31bc-1340-46c1-9c0d-968bc59d559e,2026-09-28 17:18:05,1,3.21.8,not free. simple. uninstalled. waste of time,,
287ce80d-1fc2-4ab4-b1e4-0d9293802336,2026-09-29 21:15:44,1,3.21.10,had trouble uploading my music and the sync was way off,,
e2d6298c-164c-4e55-845b-f3303726fe3d,2026-10-01 00:43:23,1,,"It made the crappiest looking video I've seen and its like 5 seconds long plus you gotta pay points to make them, they offer you some free for signing up but i deleted my account after i used them up after trying to make the same video three times. Definitely a Money grab scheme.",,
858dccf9-6068-4f12-9745-3fbdb9c3167b,2026-10-02 22:04:23,1,3.21.11,it is very excellent app 😀,,
15b72775-37c8-4877-aac3-16aff4f58222,2026-10-03 09:07:46,1,3.21.11,sort video only created,,
30419243-c828-470f-ad10-6af41eb33a5c,2026-08-16 09:25:08,2,,I loved until the daily login stopped. I used to get 140 free credits but now only 80. Not as much fun anymore,,
362965ac-106f-4282-9e5e-3ee47a64895a,2026-08-20 12:40:09,2,3.20.0,Best AI video creator,,
d47c45fb-4359-470a-b200-739e13153fd3,2026-08-26 05:04:24,2,3.20.2,"some is good, most gens are wonky. when it ""good enough"" 25% of the time (like you force yourself to use the result $$$, then is okay. 75% of the time even following the use guide to perfection, pixverse models through some garbage into the videos making them unusable. the other models eat through your credits way too fast. unlimited must use pixverse model so if you are willing to give them $1500, then wait min of an hour, to sift thru the results, and then go find the 25% you can use",,
344e90b9-f47d-400e-b0c0-6695a87f706d,2026-08-30 07:29:57,2,3.20.3,remove the gem 💎,,
cef0e0e9-cb2d-4c9a-9bc6-67d87143e852,2026-08-31 07:49:08,2,3.20.3,please give me face clarity,,
24f4552a-e813-4506-9198-531f9ed04d61,2026-09-03 05:11:27,2,3.20.4,too much time west,,
d6acdc4b-62e1-4c82-92fa-53e6d9637251,2026-09-05 16:10:16,2,3.20.4,nice to use 👍,,
0696cc25-7129-4f89-af90-7ddb832e5f52,2026-09-07 18:59:22,2,3.20.5,Painfully Laggy after the last two updates. this app is no longer efficient for phone clock cycles. Typing and interface on a modern 2026 phone is horrible. no longer flows smoothly and lag is up to 2 seconds when typing.,,
6b6825bb-1144-4ae4-ac1f-8533782c3515,2026-09-11 23:50:59,2,3.21.0,"SCENE 1 – JUNGLE SEARCH: The hero moves cautiously through a dense green jungle beside a small stream, carrying a firearm, searching for a gigantic anaconda. The massive snake is partially visible among the trees and water. Cinematic sunlight rays, mist, dramatic atmosphere, realistic wildlife details.",,
175f3039-0d48-44fa-ae0b-9a253d9459f0,2026-09-12 17:45:48,2,3.21.3,does things i don't ask it to lol,,
d97fa30d-0f7d-4c6c-86cb-18832a780ae1,2026-09-13 23:48:38,2,3.21.3,needs work. AI is wonky still,,
de6587c1-57a8-4d5b-b169-b522ea03188a,2026-09-15 22:20:16,2,,"too expensive, decent app.",,
04571fb7-39da-4336-a02e-72c732b82e9d,2026-09-19 15:34:51,2,3.21.3,it was honestly a 5 star app great and made good short videos but now it doesn't work so 2 stars,,
8c4c930e-fa49-450d-b3b7-4638511302a8,2026-09-20 01:42:09,2,3.21.6,"okay just a few problems for people like me. first off you cant bank your daily energy. if you want to watch ads for more of their currency, well too bad. reset daily so you uave to pay for longer higher quality. Fair but cheap. seconly three tims I watched ads today and not one has added to my bonus poi ts. still 0/2. ao enjoy the free ad revenue while you can. 2 stars until I see the users are a priority.",,
99877de7-3d3e-4350-adb9-0ff90999b555,2026-09-26 01:50:40,2,3.21.8,this app has become very faulty. every time I try to create a video it lags terribly then it stalls the screen turns black and then it boots me out of the app all together. y'all need to fix this,,
92adf47b-0dc6-4009-8a64-56c73203281e,2026-09-27 17:35:32,2,3.21.8,this app not use ful I hate this app,,
8e52db43-f1b2-4824-91d7-1bdf6a26f543,2026-09-30 03:33:07,2,3.21.10,its not been great so far the prices are good but the quality us poor ive made about 30 videos so far and could only use a handful my latest one really annoyed me enough to leave a review and I never really leave bad reviews I paid for a duet uploaded photo of boy and girls your system ignored that only used a boy and had male and female voices coming from thr same person we pay extra so it doesn't look like AI but with your app it makes no difference its obvious its ai,,
8568a406-cddb-4936-9a62-81498f0233a6,2026-10-01 10:44:41,2,3.21.10,I wish I could get a little more free credits. Then more videos will be uploaded and more people can be created.,,
b16710ab-f86e-4c8b-832a-1f550170c380,2026-10-04 03:08:29,2,3.21.11,"kewal video bna de rhe hai, us me diolog tha wo bola hi nhi, aisa kyo",,
9a8234c0-eef2-421c-84a1-4af52dba2686,2026-10-05 00:17:57,2,3.21.11,Not happy! Paid the elite subscription but the app still expects me to pay for credits. Silly me - thought once I'd paid i would get all the benefits.... evidently not which makes this app very very expensive!,,
d09b0346-8e98-4381-8de5-c5f9f626662a,2026-08-17 02:35:34,3,,the app is so easy to use I love it,,
e0f64acf-d57d-4ce1-a8a6-6a38151b34bd,2026-08-20 06:10:28,3,3.20.1,Best for video generating and editing but it has a problem for free generate. There are only few generations available at free of cost,,
0e9731c3-62a0-4d5b-b71d-64db6f776130,2026-08-25 06:30:39,3,3.20.1,it does ok but you have to be exact with your description making image to video,,
a41ecbb9-b57e-4c66-a26f-9da0f00aba13,2026-08-25 08:13:32,3,3.20.1,really good app,,
358d5a49-7dd6-42ab-b3dc-00e97311fa41,2026-09-01 18:43:01,3,3.20.3,it's can't make long video,,
3336e687-0b84-4bb1-8f9e-f08a02180a2c,2026-09-01 20:11:18,3,3.20.3,its make very realistic videos,,
99e22b76-2eb1-4145-828c-1b5b0df73811,2026-09-02 19:59:59,3,3.19.3,best to use for ai edit,,
41089fb7-8be2-4ff4-b545-63eadeb5fd19,2026-09-03 03:28:58,3,,bring back the daily free 60 points,,
181eae05-972b-400c-bdbd-d017097b1d84,2026-09-03 20:34:35,3,3.20.4,still feeling it out,,
016afbc6-9eec-41e8-87fa-7d3b7f3ffa83,2026-09-04 03:55:54,3,3.20.4,yours does what I wanted it to do but it cost so much points just to get 4 seconds and that doesn't do much with anything it should start off with at least 30 seconds the rating is mostly for the price not the quality especially when you don't give a lot of points daily. it's kind of impossible to use because you can't even gather points they regenerate...,,
0ed78750-bfcc-44a8-81df-b868c88d24d3,2026-09-10 21:40:40,3,,good for now..,,
951b1d16-bf3a-4e4e-8db6-988a47566f9e,2026-09-13 20:57:47,3,3.21.3,good though I'm just new using the app,,
e68d61ac-12e5-4a24-9256-ae8d17ebfe14,2026-09-20 12:45:28,3,3.21.7,i make only 1 video i have no idea my second video will generate or not,,
36c133cd-3821-4932-a563-12b7430932f0,2026-09-21 04:52:59,3,3.21.7,too early to tell,,
fa2a4b0d-9ed9-4ad5-8f6e-64199168d97a,2026-09-23 16:41:49,3,3.21.7,It's really nice to be able to see your dreams coming to life,,
ad00bff3-7ad2-4362-8882-921924742843,2026-09-26 07:04:57,3,3.21.8,it is best genetor,,
4bdd1527-0fab-4202-be61-741720bb4b31,2026-09-27 18:47:17,3,3.21.8,thanks for sharing me,,
c5abc0e0-04c2-45f4-873e-9a17403caf37,2026-09-29 07:39:10,3,3.21.9,good quality but makes what it wants not what you asked,,
ae472a78-d16e-4725-a6d8-20bb4a2aab85,2026-09-29 21:23:27,3,3.21.9,"its ok, I dont get the £5.00 a week subscription, then having to buy credits, if the design is wrong you lost your credits, especially if new and having to learn, more experienced people not a problem. work's well and enjoying it. but id rather pay £20.00 a month full stop like chatgp. no extras like having to buy credits - otherwise it would have been 5 stars",,
115395e8-f212-4b90-b333-94f1ea398b10,2026-10-01 21:56:18,3,3.21.8,I really enjoy the plethora of templates that this app provides.,,
78ddfb9f-c52d-4640-af91-f7358db71340,2026-08-14 19:44:45,4,3.19.8,The a creator rendered my art in a different way than what I requested. My character's arm became part of the motorcycle. But I have similar issues with other picture to video generator apps.,,
9029983e-1e1d-41e3-9715-a1c05c994e2a,2026-08-17 02:30:27,4,3.19.8,"good,very helpfull app",,
65bc7cfd-3b5a-47b1-af84-2815b967a434,2026-08-19 21:46:32,4,3.20.1,love this apl,,
15bbf08c-c469-4522-b2d3-5ab9b8e18616,2026-08-20 23:01:10,4,3.20.1,great ai to use for all social media,,
987cd866-271f-4a7b-806f-6dab3ef9be87,2026-08-22 21:51:12,4,3.20.1,it actually works but if it didn't make everything less convincing but it still deserves a four star,,
05cfde5b-4896-4a13-aa1d-5f79284fa85d,2026-08-25 00:24:54,4,3.20.1,so far so good,,
98f21780-a61d-4afc-876f-680f76ee9cca,2026-08-26 05:10:59,4,3.20.2,I just wish the 60+ daily credits would just come back,,
60043474-1970-4a42-b7d3-eb01eb7aca9e,2026-09-02 06:18:12,4,3.20.3,"about 75 percent of the time makes what I wanted, but even then forgot the writing want had to go to an online site to get basic name added not near as pretty, can earn points to make one 8 sec video per day or more shorter. If they say it violate their guidelines they don't refund points and some days they zero out any left over points.",,
0ecb1acc-42a3-4cd1-98f8-20e8202739a0,2026-09-04 04:39:21,4,3.20.3,I love it but credits are too expensive,,
9e6eaca2-f1a5-44bb-b50d-c35d1e96ad47,2026-09-07 02:07:28,4,3.20.4,not yet sure but it is the best thing that could be happening,,
f114364e-1c87-4a7c-9eca-1d7a9aed0a4e,2026-09-11 22:53:03,4,3.21.3,nice app for fun🤩,,
73ca0bb4-8054-4839-884d-a2c47691427c,2026-09-15 19:13:01,4,3.21.3,pixverse is a great app for Real once you how to prompt your text and the visual u are good to go but the only issue is during close up video shot with product with written content tends to change to like a Chinese write up or isn't clearly visible,,
a0bad065-8dee-431a-bf1b-fbaabaa0d81f,2026-09-16 23:56:02,4,3.21.4,"so far im impressed, just need to test my prompting more detailed",,
5d5f78e4-c476-4693-9d15-376040820aef,2026-09-19 18:46:19,4,3.21.6,the App is beginners friendly but the subscription is way too much. so high that a beginner can not afford it,,
d30327d5-3823-4604-95bf-cf92c617adc4,2026-09-22 07:51:23,4,3.21.7,good for now,,
ba9d9e16-89a5-4643-809e-140628ed41e6,2026-09-22 19:17:53,4,3.21.7,this is beautiful,,
5ef71120-69f6-4c91-a690-22a1c45c6b20,2026-09-29 23:19:40,4,3.21.9,it's nice but to short and doesn't allow you to join previous prompt but it's all good,,
00c4c27a-7b92-47fa-bbb6-56e02355ed0c,2026-10-02 07:56:49,4,3.21.11,"The app is good, but you can't accumulate a large amount of rewards 😬 The number of rewards drops the next day.",,
27559513-25ae-4681-bf0a-66538fe7a1d9,2026-10-02 19:21:40,4,3.21.11,high quality but expensive,,
047f9f67-599a-467b-9416-297ec8b30809,2026-10-04 00:17:41,4,,veary good app,,
aee2b0a9-aa42-44bc-af65-a09198f2bd13,2026-08-17 11:56:04,5,,please no pro my for free,,
52ac0d88-36d1-4225-983e-928581d0a11c,2026-08-19 13:37:41,5,3.20.0,this video app is superb and I really love the interface and the bonuses they offer when you want to create videos.,,
4c184681-76d9-43e0-a4b1-b6611b6fd378,2026-08-25 07:31:37,5,,very nice app,,
55098bff-2313-491c-a74c-8228e1a9a60e,2026-08-29 10:51:55,5,3.20.3,Wow I love this app!,,
ccace0b9-7f7b-469c-a801-d8f7e1d98f8e,2026-08-30 14:57:02,5,3.20.3,i just started and the result feel to me wonder. I reached the application what I want.I really impressed with this app.it gives more opportunities and ideas that everyone can ahead of their new arrival journey.thanks for this supper ideology app.,,
b1ae70df-7e74-44c2-bdfa-004dc2573bed,2026-09-02 02:42:51,5,3.20.3,this app is very good easy to use ☺️☺️,,
b4cdb4b6-8462-48cd-83bf-52f91ea337e1,2026-09-02 10:46:06,5,3.20.3,not exactly i wanted it but close.,,
9a132a9a-7a06-4f41-a559-1f47f32f8fbd,2026-09-03 06:51:47,5,3.20.3,cool product . no bs. happy with results,,
5f4c17d7-f25d-4d5b-b29d-bed3dffdc4df,2026-09-06 17:18:36,5,3.20.4,wow this app is amazing,,
5576b47f-1639-41e6-8abb-22d0f73afb37,2026-09-11 13:44:35,5,3.21.1,"it is the best ai generating app I have every encounter, but the developer need to put more way to get credit on basic",,
97600923-8cdf-4b1f-bfd3-d99110832af3,2026-09-13 22:25:01,5,,this app is very good 👍,,
ad81ae38-6e6a-47ba-b30c-94ea4b92bcc3,2026-09-14 19:06:19,5,3.21.3,stop changing background unless you are told to do so.,,
01e513fd-7fa4-414d-98f7-c1a8c57dc9eb,2026-09-15 02:21:31,5,3.21.3,am so proud of you,,
d0afa92e-1035-46f4-b17e-9aedf262d327,2026-09-15 14:19:27,5,3.21.3,very nice app,,
ffdcea48-d69c-4fae-be0a-1da5602d90d7,2026-09-16 02:59:21,5,3.21.3,SM KR OFFICER,,
da735cde-5d06-4719-8b83-e4d7c9dc2959,2026-09-19 14:06:03,5,3.21.6,world best ai,,
df7055b4-7fdd-451e-8053-6216060fea36,2026-09-26 10:21:48,5,,A very good app,,
b4544e43-e3b5-4fbe-811f-32955c5e296e,2026-09-26 20:42:34,5,3.21.8,good app exlentn,,
17430087-6716-42eb-a452-e8413aebbd7c,2026-10-01 06:48:54,5,3.21.10,lets me change my skin color and race big W,,
a5dcd941-6723-4483-a802-1e9b7fb05e78,2026-10-02 20:51:09,5,3.21.11,my the first video was A successful and easy to make,,
